file,locus_type,tool,chrom,pos,vep_percentile
variant1-PLT-ukbb-variants.alphagenome_vep_scores.csv,hit_loci,alphagenome,1,117612209,56.19834710743802
variant2-MON-ukbb-variants.alphagenome_vep_scores.csv,hit_loci,alphagenome,1,117613431,94.33962264150944
variant3-PLT-ukbb-variants.alphagenome_vep_scores.csv,hit_loci,alphagenome,1,11982386,51.31086142322098
variant6-EOS_P-ukbb-variants.alphagenome_vep_scores.csv,hit_loci,alphagenome,1,198641406,88.0108991825613
variant9-EOS-ukbb-variants.alphagenome_vep_scores.csv,hit_loci,alphagenome,1,198681384,79.27272727272727
variant12-MON-ukbb-variants.alphagenome_vep_scores.csv,hit_loci,alphagenome,1,26321458,78.57142857142857
variant13-MONO_P-ukbb-variants.alphagenome_vep_scores.csv,hit_loci,alphagenome,1,26321543,69.10112359550563
variant15-NEU-ukbb-variants.alphagenome_vep_scores.csv,hit_loci,alphagenome,1,36463302,22.151898734177212
variant16-MCHC-ukbb-variants.alphagenome_vep_scores.csv,hit_loci,alphagenome,1,42961547,96.36363636363636
variant17-MPV-ukbb-variants.alphagenome_vep_scores.csv,hit_loci,alphagenome,1,51876755,55.633802816901415
variant19-MCH-ukbb-variants.alphagenome_vep_scores.csv,hit_loci,alphagenome,1,67701065,81.46067415730337
variant20-MPV-ukbb-variants.alphagenome_vep_scores.csv,hit_loci,alphagenome,10,63267850,95.58823529411765
variant21-HCT-ukbb-variants.alphagenome_vep_scores.csv,hit_loci,alphagenome,10,69334748,80.66037735849056
variant25-MCV-ukbb-variants.alphagenome_vep_scores.csv,hit_loci,alphagenome,11,2299328,98.80952380952381
variant28-PDW-ukbb-variants.alphagenome_vep_scores.csv,hit_loci,alphagenome,11,57432941,98.48484848484848
variant33-MPV-ukbb-variants.alphagenome_vep_scores.csv,hit_loci,alphagenome,12,117042419,93.57798165137615
variant34-MPV-ukbb-variants.alphagenome_vep_scores.csv,hit_loci,alphagenome,12,117046257,57.798165137614674
variant36-RDW-ukbb-variants.alphagenome_vep_scores.csv,hit_loci,alphagenome,12,54304624,97.45762711864407
variant37-MPV-ukbb-variants.alphagenome_vep_scores.csv,hit_loci,alphagenome,12,54342686,20.754716981132077
variant44-MCH-ukbb-variants.alphagenome_vep_scores.csv,hit_loci,alphagenome,13,113220766,8.695652173913043
variant48-MCH-ukbb-variants.alphagenome_vep_scores.csv,hit_loci,alphagenome,13,41005673,77.09251101321586
variant49-MCH-ukbb-variants.alphagenome_vep_scores.csv,hit_loci,alphagenome,13,41007530,96.91629955947137
variant50-PLT-ukbb-variants.alphagenome_vep_scores.csv,hit_loci,alphagenome,13,95244245,33.33333333333333
variant51-PLT-ukbb-variants.alphagenome_vep_scores.csv,hit_loci,alphagenome,13,95247462,97.02380952380952
variant52-MPV-ukbb-variants.alphagenome_vep_scores.csv,hit_loci,alphagenome,14,103098483,58.986175115207374
variant53-MPV-ukbb-variants.alphagenome_vep_scores.csv,hit_loci,alphagenome,14,103106478,68.14988290398126
variant55-WBC-ukbb-variants.alphagenome_vep_scores.csv,hit_loci,alphagenome,14,68726568,33.0
variant57-MPV-ukbb-variants.alphagenome_vep_scores.csv,hit_loci,alphagenome,15,63049797,75.3393665158371
variant58-MCV-ukbb-variants.alphagenome_vep_scores.csv,hit_loci,alphagenome,16,120329,18.75
variant59-MCH-ukbb-variants.alphagenome_vep_scores.csv,hit_loci,alphagenome,16,143225,99.64664310954063
variant64-MPV-ukbb-variants.alphagenome_vep_scores.csv,hit_loci,alphagenome,16,88971947,94.9238578680203
variant65-RDW-ukbb-variants.alphagenome_vep_scores.csv,hit_loci,alphagenome,17,28862953,39.111111111111114
variant72-MCV-ukbb-variants.alphagenome_vep_scores.csv,hit_loci,alphagenome,19,12888644,51.421800947867304
variant74-MPV-ukbb-variants.alphagenome_vep_scores.csv,hit_loci,alphagenome,19,38659595,98.2051282051282
variant75-MCHC-ukbb-variants.alphagenome_vep_scores.csv,hit_loci,alphagenome,19,43774629,98.59154929577466
variant76-HLSR-ukbb-variants.alphagenome_vep_scores.csv,hit_loci,alphagenome,19,44909976,92.5925925925926
variant86-MCV-ukbb-variants.alphagenome_vep_scores.csv,hit_loci,alphagenome,20,57415349,79.7979797979798
variant87-PLT-ukbb-variants.alphagenome_vep_scores.csv,hit_loci,alphagenome,20,59018103,57.647058823529406
variant88-MPV-ukbb-variants.alphagenome_vep_scores.csv,hit_loci,alphagenome,20,59022590,24.188790560471976
variant92-MCH-ukbb-variants.alphagenome_vep_scores.csv,hit_loci,alphagenome,22,21628971,93.45794392523365
variant94-PLTC-ukbb-variants.alphagenome_vep_scores.csv,hit_loci,alphagenome,3,128483046,95.41284403669725
variant97-RET_P-ukbb-variants.alphagenome_vep_scores.csv,hit_loci,alphagenome,3,196194440,91.015625
variant98-MCHC-ukbb-variants.alphagenome_vep_scores.csv,hit_loci,alphagenome,3,196195699,57.70392749244713
variant99-NEU_P-ukbb-variants.alphagenome_vep_scores.csv,hit_loci,alphagenome,3,28243953,98.11320754716981
variant100-LYM-ukbb-variants.alphagenome_vep_scores.csv,hit_loci,alphagenome,5,132260726,62.857142857142854
variant102-MCV-ukbb-variants.alphagenome_vep_scores.csv,hit_loci,alphagenome,6,109240576,51.79910044977512
variant103-PLT-ukbb-variants.alphagenome_vep_scores.csv,hit_loci,alphagenome,6,109304594,98.80597014925372
variant104-PLT-ukbb-variants.alphagenome_vep_scores.csv,hit_loci,alphagenome,6,33572432,27.923976608187136
variant105-PLT-ukbb-variants.alphagenome_vep_scores.csv,hit_loci,alphagenome,6,33577348,89.5411938825851
variant106-PLT-ukbb-variants.alphagenome_vep_scores.csv,hit_loci,alphagenome,6,33578721,94.79940564635957
variant107-EOS-ukbb-variants.alphagenome_vep_scores.csv,hit_loci,alphagenome,6,42229969,94.3820224719101
variant109-MCH-ukbb-variants.alphagenome_vep_scores.csv,hit_loci,alphagenome,7,100642673,95.74468085106383
variant110-MPV-ukbb-variants.alphagenome_vep_scores.csv,hit_loci,alphagenome,7,101856650,92.13483146067416
variant111-MCH-ukbb-variants.alphagenome_vep_scores.csv,hit_loci,alphagenome,7,50360284,97.43589743589743
variant114-MCH-ukbb-variants.alphagenome_vep_scores.csv,hit_loci,alphagenome,8,26385620,94.91525423728814
variant115-MCH-ukbb-variants.alphagenome_vep_scores.csv,hit_loci,alphagenome,8,26391502,38.983050847457626
variant116-MCH-ukbb-variants.alphagenome_vep_scores.csv,hit_loci,alphagenome,8,26393166,45.76271186440678
variant120-MONO_P-ukbb-variants.alphagenome_vep_scores.csv,hit_loci,alphagenome,8,55973597,98.88888888888889
variant121-MCH-ukbb-variants.alphagenome_vep_scores.csv,hit_loci,alphagenome,9,97990841,58.57142857142858
variant0-LYM-ukbb-variants.alphagenome_vep_scores.csv,nonhit_loci,alphagenome,1,101279090,99.83249581239531
variant3-RBC-ukbb-variants.alphagenome_vep_scores.csv,nonhit_loci,alphagenome,1,117609619,40.38461538461539
variant4-MCV-ukbb-variants.alphagenome_vep_scores.csv,nonhit_loci,alphagenome,1,117708553,92.7927927927928
variant6-PLT-ukbb-variants.alphagenome_vep_scores.csv,nonhit_loci,alphagenome,1,11983660,96.62921348314607
variant8-EOS_P-ukbb-variants.alphagenome_vep_scores.csv,nonhit_loci,alphagenome,1,12039288,98.88888888888889
variant10-MON-ukbb-variants.alphagenome_vep_scores.csv,nonhit_loci,alphagenome,1,150572164,83.35112059765208
variant11-MON-ukbb-variants.alphagenome_vep_scores.csv,nonhit_loci,alphagenome,1,150611627,98.93617021276596
variant12-MONO_P-ukbb-variants.alphagenome_vep_scores.csv,nonhit_loci,alphagenome,1,161185602,96.98795180722891
variant18-MSCV-ukbb-variants.alphagenome_vep_scores.csv,nonhit_loci,alphagenome,1,198665080,72.32472324723247
variant20-MCH-ukbb-variants.alphagenome_vep_scores.csv,nonhit_loci,alphagenome,1,203312047,86.3013698630137
variant21-MPV-ukbb-variants.alphagenome_vep_scores.csv,nonhit_loci,alphagenome,1,205268009,61.545138888888886
variant25-NEU-ukbb-variants.alphagenome_vep_scores.csv,nonhit_loci,alphagenome,1,207860984,11.057692307692307
variant30-RDW-ukbb-variants.alphagenome_vep_scores.csv,nonhit_loci,alphagenome,1,230158968,98.7012987012987
variant31-PLT-ukbb-variants.alphagenome_vep_scores.csv,nonhit_loci,alphagenome,1,230160406,28.46153846153846
variant32-RDW-ukbb-variants.alphagenome_vep_scores.csv,nonhit_loci,alphagenome,1,230161913,18.83116883116883
variant35-MCHC-ukbb-variants.alphagenome_vep_scores.csv,nonhit_loci,alphagenome,1,3774964,96.06741573033707
variant36-NEU-ukbb-variants.alphagenome_vep_scores.csv,nonhit_loci,alphagenome,1,36461929,42.405063291139236
variant37-MCV-ukbb-variants.alphagenome_vep_scores.csv,nonhit_loci,alphagenome,1,3805045,66.34615384615384
variant38-MCHC-ukbb-variants.alphagenome_vep_scores.csv,nonhit_loci,alphagenome,1,42954483,43.63636363636363
variant39-MCH-ukbb-variants.alphagenome_vep_scores.csv,nonhit_loci,alphagenome,1,47213586,81.97674418604652
variant40-MCH-ukbb-variants.alphagenome_vep_scores.csv,nonhit_loci,alphagenome,1,47215306,65.11627906976744
variant41-MPV-ukbb-variants.alphagenome_vep_scores.csv,nonhit_loci,alphagenome,1,51871367,18.30985915492958
variant42-MPV-ukbb-variants.alphagenome_vep_scores.csv,nonhit_loci,alphagenome,1,51874087,3.5211267605633805
variant43-MON-ukbb-variants.alphagenome_vep_scores.csv,nonhit_loci,alphagenome,1,92460097,99.40476190476191
variant44-MCV-ukbb-variants.alphagenome_vep_scores.csv,nonhit_loci,alphagenome,10,99520522,99.08256880733946
variant49-NEU_P-ukbb-variants.alphagenome_vep_scores.csv,nonhit_loci,alphagenome,10,124628208,65.0
variant51-MON-ukbb-variants.alphagenome_vep_scores.csv,nonhit_loci,alphagenome,10,24929314,94.52054794520548
variant55-PLT-ukbb-variants.alphagenome_vep_scores.csv,nonhit_loci,alphagenome,10,79404390,94.44444444444444
variant57-WBC-ukbb-variants.alphagenome_vep_scores.csv,nonhit_loci,alphagenome,10,97312838,74.72035794183445
variant59-MONO_P-ukbb-variants.alphagenome_vep_scores.csv,nonhit_loci,alphagenome,10,97354207,99.02439024390245
variant60-MPV-ukbb-variants.alphagenome_vep_scores.csv,nonhit_loci,alphagenome,11,114082900,89.87341772151899
variant74-RDW-ukbb-variants.alphagenome_vep_scores.csv,nonhit_loci,alphagenome,11,65586968,74.77272727272727
variant77-MPV-ukbb-variants.alphagenome_vep_scores.csv,nonhit_loci,alphagenome,12,117041174,83.4862385321101
variant79-MCV-ukbb-variants.alphagenome_vep_scores.csv,nonhit_loci,alphagenome,12,120718238,95.01312335958005
variant80-MCV-ukbb-variants.alphagenome_vep_scores.csv,nonhit_loci,alphagenome,12,120719732,89.37007874015748
variant81-WBC-ukbb-variants.alphagenome_vep_scores.csv,nonhit_loci,alphagenome,12,121801168,75.0
variant82-WBC-ukbb-variants.alphagenome_vep_scores.csv,nonhit_loci,alphagenome,12,121807925,34.375
variant83-WBC-ukbb-variants.alphagenome_vep_scores.csv,nonhit_loci,alphagenome,12,121811185,21.875
variant84-WBC-ukbb-variants.alphagenome_vep_scores.csv,nonhit_loci,alphagenome,12,121812585,84.375
variant88-PLT-ukbb-variants.alphagenome_vep_scores.csv,nonhit_loci,alphagenome,12,47814585,66.3265306122449
variant89-MCV-ukbb-variants.alphagenome_vep_scores.csv,nonhit_loci,alphagenome,12,53364047,41.1522633744856
variant90-MCV-ukbb-variants.alphagenome_vep_scores.csv,nonhit_loci,alphagenome,12,53366378,47.325102880658434
variant91-MCV-ukbb-variants.alphagenome_vep_scores.csv,nonhit_loci,alphagenome,12,93354369,83.80952380952381
variant92-MCV-ukbb-variants.alphagenome_vep_scores.csv,nonhit_loci,alphagenome,12,93360628,44.761904761904766
variant93-RDW-ukbb-variants.alphagenome_vep_scores.csv,nonhit_loci,alphagenome,13,112698602,40.0
variant94-MCV-ukbb-variants.alphagenome_vep_scores.csv,nonhit_loci,alphagenome,13,112700505,38.0
variant95-RDW-ukbb-variants.alphagenome_vep_scores.csv,nonhit_loci,alphagenome,13,112706624,10.327455919395465
variant98-NEU-ukbb-variants.alphagenome_vep_scores.csv,nonhit_loci,alphagenome,13,113272893,99.14163090128756
variant100-RDW-ukbb-variants.alphagenome_vep_scores.csv,nonhit_loci,alphagenome,13,113849020,75.67567567567568
variant103-IRF-ukbb-variants.alphagenome_vep_scores.csv,nonhit_loci,alphagenome,14,102585564,96.80851063829788
variant104-PLT-ukbb-variants.alphagenome_vep_scores.csv,nonhit_loci,alphagenome,14,103092865,68.59122401847574
variant105-MPV-ukbb-variants.alphagenome_vep_scores.csv,nonhit_loci,alphagenome,14,103103411,61.02088167053365
variant110-HGB-ukbb-variants.alphagenome_vep_scores.csv,nonhit_loci,alphagenome,14,65040257,58.333333333333336
variant111-WBC-ukbb-variants.alphagenome_vep_scores.csv,nonhit_loci,alphagenome,14,68713254,37.0
variant114-MPV-ukbb-variants.alphagenome_vep_scores.csv,nonhit_loci,alphagenome,14,68958750,99.52095808383234
variant116-MCV-ukbb-variants.alphagenome_vep_scores.csv,nonhit_loci,alphagenome,14,73757874,85.39325842696628
variant117-MCV-ukbb-variants.alphagenome_vep_scores.csv,nonhit_loci,alphagenome,14,73771327,90.2621722846442
variant118-EOS-ukbb-variants.alphagenome_vep_scores.csv,nonhit_loci,alphagenome,14,75515513,98.78048780487805
variant120-MON-ukbb-variants.alphagenome_vep_scores.csv,nonhit_loci,alphagenome,15,41937654,96.22641509433963
variant1-PLT-ukbb-variants.enformer_vep_scores.csv,hit_loci,enformer,1,117612209,44.62809917355372
variant2-MON-ukbb-variants.enformer_vep_scores.csv,hit_loci,enformer,1,117613431,88.67924528301887
variant3-PLT-ukbb-variants.enformer_vep_scores.csv,hit_loci,enformer,1,11982386,46.06741573033708
variant6-EOS_P-ukbb-variants.enformer_vep_scores.csv,hit_loci,enformer,1,198641406,65.39509536784742
variant9-EOS-ukbb-variants.enformer_vep_scores.csv,hit_loci,enformer,1,198681384,52.36363636363637
variant12-MON-ukbb-variants.enformer_vep_scores.csv,hit_loci,enformer,1,26321458,48.92857142857142
variant13-MONO_P-ukbb-variants.enformer_vep_scores.csv,hit_loci,enformer,1,26321543,87.07865168539325
variant15-NEU-ukbb-variants.enformer_vep_scores.csv,hit_loci,enformer,1,36463302,86.70886075949366
variant16-MCHC-ukbb-variants.enformer_vep_scores.csv,hit_loci,enformer,1,42961547,96.36363636363636
variant17-MPV-ukbb-variants.enformer_vep_scores.csv,hit_loci,enformer,1,51876755,80.98591549295774
variant19-MCH-ukbb-variants.enformer_vep_scores.csv,hit_loci,enformer,1,67701065,96.62921348314607
variant20-MPV-ukbb-variants.enformer_vep_scores.csv,hit_loci,enformer,10,63267850,97.11538461538461
variant21-HCT-ukbb-variants.enformer_vep_scores.csv,hit_loci,enformer,10,69334748,72.16981132075472
variant25-MCV-ukbb-variants.enformer_vep_scores.csv,hit_loci,enformer,11,2299328,95.83333333333334
variant28-PDW-ukbb-variants.enformer_vep_scores.csv,hit_loci,enformer,11,57432941,95.45454545454545
variant33-MPV-ukbb-variants.enformer_vep_scores.csv,hit_loci,enformer,12,117042419,99.08256880733946
variant34-MPV-ukbb-variants.enformer_vep_scores.csv,hit_loci,enformer,12,117046257,28.440366972477065
variant36-RDW-ukbb-variants.enformer_vep_scores.csv,hit_loci,enformer,12,54304624,93.22033898305084
variant37-MPV-ukbb-variants.enformer_vep_scores.csv,hit_loci,enformer,12,54342686,13.443396226415095
variant44-MCH-ukbb-variants.enformer_vep_scores.csv,hit_loci,enformer,13,113220766,19.565217391304348
variant48-MCH-ukbb-variants.enformer_vep_scores.csv,hit_loci,enformer,13,41005673,64.31718061674009
variant49-MCH-ukbb-variants.enformer_vep_scores.csv,hit_loci,enformer,13,41007530,97.65051395007343
variant50-PLT-ukbb-variants.enformer_vep_scores.csv,hit_loci,enformer,13,95244245,9.523809523809524
variant51-PLT-ukbb-variants.enformer_vep_scores.csv,hit_loci,enformer,13,95247462,91.66666666666666
variant52-MPV-ukbb-variants.enformer_vep_scores.csv,hit_loci,enformer,14,103098483,7.834101382488479
variant53-MPV-ukbb-variants.enformer_vep_scores.csv,hit_loci,enformer,14,103106478,51.52224824355972
variant55-WBC-ukbb-variants.enformer_vep_scores.csv,hit_loci,enformer,14,68726568,4.0
variant57-MPV-ukbb-variants.enformer_vep_scores.csv,hit_loci,enformer,15,63049797,75.1131221719457
variant58-MCV-ukbb-variants.enformer_vep_scores.csv,hit_loci,enformer,16,120329,19.791666666666664
variant59-MCH-ukbb-variants.enformer_vep_scores.csv,hit_loci,enformer,16,143225,99.76442873969376
variant64-MPV-ukbb-variants.enformer_vep_scores.csv,hit_loci,enformer,16,88971947,91.87817258883248
variant65-RDW-ukbb-variants.enformer_vep_scores.csv,hit_loci,enformer,17,28862953,54.888888888888886
variant72-MCV-ukbb-variants.enformer_vep_scores.csv,hit_loci,enformer,19,12888644,16.587677725118482
variant74-MPV-ukbb-variants.enformer_vep_scores.csv,hit_loci,enformer,19,38659595,97.43589743589743
variant75-MCHC-ukbb-variants.enformer_vep_scores.csv,hit_loci,enformer,19,43774629,98.59154929577466
variant76-HLSR-ukbb-variants.enformer_vep_scores.csv,hit_loci,enformer,19,44909976,94.44444444444444
variant86-MCV-ukbb-variants.enformer_vep_scores.csv,hit_loci,enformer,20,57415349,83.16498316498317
variant87-PLT-ukbb-variants.enformer_vep_scores.csv,hit_loci,enformer,20,59018103,36.470588235294116
variant88-MPV-ukbb-variants.enformer_vep_scores.csv,hit_loci,enformer,20,59022590,30.08849557522124
variant92-MCH-ukbb-variants.enformer_vep_scores.csv,hit_loci,enformer,22,21628971,73.83177570093457
variant94-PLTC-ukbb-variants.enformer_vep_scores.csv,hit_loci,enformer,3,128483046,96.3302752293578
variant97-RET_P-ukbb-variants.enformer_vep_scores.csv,hit_loci,enformer,3,196194440,44.921875
variant98-MCHC-ukbb-variants.enformer_vep_scores.csv,hit_loci,enformer,3,196195699,32.02416918429003
variant99-NEU_P-ukbb-variants.enformer_vep_scores.csv,hit_loci,enformer,3,28243953,96.22641509433963
variant100-LYM-ukbb-variants.enformer_vep_scores.csv,hit_loci,enformer,5,132260726,45.714285714285715
variant102-MCV-ukbb-variants.enformer_vep_scores.csv,hit_loci,enformer,6,109240576,45.952023988006
variant103-PLT-ukbb-variants.enformer_vep_scores.csv,hit_loci,enformer,6,109304594,98.80597014925372
variant104-PLT-ukbb-variants.enformer_vep_scores.csv,hit_loci,enformer,6,33572432,33.91812865497076
variant105-PLT-ukbb-variants.enformer_vep_scores.csv,hit_loci,enformer,6,33577348,89.98519980266404
variant106-PLT-ukbb-variants.enformer_vep_scores.csv,hit_loci,enformer,6,33578721,97.9692917285785
variant107-EOS-ukbb-variants.enformer_vep_scores.csv,hit_loci,enformer,6,42229969,93.25842696629213
variant109-MCH-ukbb-variants.enformer_vep_scores.csv,hit_loci,enformer,7,100642673,84.95440729483282
variant110-MPV-ukbb-variants.enformer_vep_scores.csv,hit_loci,enformer,7,101856650,94.3820224719101
variant111-MCH-ukbb-variants.enformer_vep_scores.csv,hit_loci,enformer,7,50360284,72.75641025641025
variant114-MCH-ukbb-variants.enformer_vep_scores.csv,hit_loci,enformer,8,26385620,98.30508474576271
variant115-MCH-ukbb-variants.enformer_vep_scores.csv,hit_loci,enformer,8,26391502,44.06779661016949
variant116-MCH-ukbb-variants.enformer_vep_scores.csv,hit_loci,enformer,8,26393166,25.423728813559322
variant120-MONO_P-ukbb-variants.enformer_vep_scores.csv,hit_loci,enformer,8,55973597,95.55555555555556
variant121-MCH-ukbb-variants.enformer_vep_scores.csv,hit_loci,enformer,9,97990841,78.57142857142857
variant0-LYM-ukbb-variants.enformer_vep_scores.csv,nonhit_loci,enformer,1,101279090,99.16247906197655
variant3-RBC-ukbb-variants.enformer_vep_scores.csv,nonhit_loci,enformer,1,117609619,26.923076923076923
variant4-MCV-ukbb-variants.enformer_vep_scores.csv,nonhit_loci,enformer,1,117708553,88.28828828828829
variant6-PLT-ukbb-variants.enformer_vep_scores.csv,nonhit_loci,enformer,1,11983660,89.51310861423221
variant8-EOS_P-ukbb-variants.enformer_vep_scores.csv,nonhit_loci,enformer,1,12039288,98.88888888888889
variant10-MON-ukbb-variants.enformer_vep_scores.csv,nonhit_loci,enformer,1,150572164,54.53575240128068
variant11-MON-ukbb-variants.enformer_vep_scores.csv,nonhit_loci,enformer,1,150611627,99.57446808510639
variant12-MONO_P-ukbb-variants.enformer_vep_scores.csv,nonhit_loci,enformer,1,161185602,97.59036144578313
variant18-MSCV-ukbb-variants.enformer_vep_scores.csv,nonhit_loci,enformer,1,198665080,60.147601476014756
variant20-MCH-ukbb-variants.enformer_vep_scores.csv,nonhit_loci,enformer,1,203312047,67.12328767123287
variant21-MPV-ukbb-variants.enformer_vep_scores.csv,nonhit_loci,enformer,1,205268009,18.055555555555554
variant25-NEU-ukbb-variants.enformer_vep_scores.csv,nonhit_loci,enformer,1,207860984,20.192307692307693
variant30-RDW-ukbb-variants.enformer_vep_scores.csv,nonhit_loci,enformer,1,230158968,99.35064935064936
variant31-PLT-ukbb-variants.enformer_vep_scores.csv,nonhit_loci,enformer,1,230160406,13.846153846153847
variant32-RDW-ukbb-variants.enformer_vep_scores.csv,nonhit_loci,enformer,1,230161913,60.3896103896104
variant35-MCHC-ukbb-variants.enformer_vep_scores.csv,nonhit_loci,enformer,1,3774964,88.20224719101124
variant36-NEU-ukbb-variants.enformer_vep_scores.csv,nonhit_loci,enformer,1,36461929,86.07594936708861
variant37-MCV-ukbb-variants.enformer_vep_scores.csv,nonhit_loci,enformer,1,3805045,61.53846153846154
variant38-MCHC-ukbb-variants.enformer_vep_scores.csv,nonhit_loci,enformer,1,42954483,49.09090909090909
variant39-MCH-ukbb-variants.enformer_vep_scores.csv,nonhit_loci,enformer,1,47213586,82.55813953488372
variant40-MCH-ukbb-variants.enformer_vep_scores.csv,nonhit_loci,enformer,1,47215306,33.72093023255814
variant41-MPV-ukbb-variants.enformer_vep_scores.csv,nonhit_loci,enformer,1,51871367,18.30985915492958
variant42-MPV-ukbb-variants.enformer_vep_scores.csv,nonhit_loci,enformer,1,51874087,47.88732394366197
variant43-MON-ukbb-variants.enformer_vep_scores.csv,nonhit_loci,enformer,1,92460097,99.64285714285714
variant44-MCV-ukbb-variants.enformer_vep_scores.csv,nonhit_loci,enformer,10,99520522,96.3302752293578
variant49-NEU_P-ukbb-variants.enformer_vep_scores.csv,nonhit_loci,enformer,10,124628208,18.333333333333332
variant51-MON-ukbb-variants.enformer_vep_scores.csv,nonhit_loci,enformer,10,24929314,93.15068493150685
variant55-PLT-ukbb-variants.enformer_vep_scores.csv,nonhit_loci,enformer,10,79404390,94.44444444444444
variant57-WBC-ukbb-variants.enformer_vep_scores.csv,nonhit_loci,enformer,10,97312838,55.70469798657718
variant59-MONO_P-ukbb-variants.enformer_vep_scores.csv,nonhit_loci,enformer,10,97354207,98.04878048780488
variant60-MPV-ukbb-variants.enformer_vep_scores.csv,nonhit_loci,enformer,11,114082900,91.13924050632912
variant74-RDW-ukbb-variants.enformer_vep_scores.csv,nonhit_loci,enformer,11,65586968,85.22727272727273
variant77-MPV-ukbb-variants.enformer_vep_scores.csv,nonhit_loci,enformer,12,117041174,44.95412844036697
variant79-MCV-ukbb-variants.enformer_vep_scores.csv,nonhit_loci,enformer,12,120718238,97.11286089238845
variant80-MCV-ukbb-variants.enformer_vep_scores.csv,nonhit_loci,enformer,12,120719732,86.8766404199475
variant81-WBC-ukbb-variants.enformer_vep_scores.csv,nonhit_loci,enformer,12,121801168,81.25
variant82-WBC-ukbb-variants.enformer_vep_scores.csv,nonhit_loci,enformer,12,121807925,37.5
variant83-WBC-ukbb-variants.enformer_vep_scores.csv,nonhit_loci,enformer,12,121811185,14.0625
variant84-WBC-ukbb-variants.enformer_vep_scores.csv,nonhit_loci,enformer,12,121812585,79.6875
variant88-PLT-ukbb-variants.enformer_vep_scores.csv,nonhit_loci,enformer,12,47814585,53.06122448979592
variant89-MCV-ukbb-variants.enformer_vep_scores.csv,nonhit_loci,enformer,12,53364047,17.695473251028808
variant90-MCV-ukbb-variants.enformer_vep_scores.csv,nonhit_loci,enformer,12,53366378,73.25102880658436
variant91-MCV-ukbb-variants.enformer_vep_scores.csv,nonhit_loci,enformer,12,93354369,73.33333333333333
variant92-MCV-ukbb-variants.enformer_vep_scores.csv,nonhit_loci,enformer,12,93360628,35.23809523809524
variant93-RDW-ukbb-variants.enformer_vep_scores.csv,nonhit_loci,enformer,13,112698602,35.189873417721515
variant94-MCV-ukbb-variants.enformer_vep_scores.csv,nonhit_loci,enformer,13,112700505,18.0
variant95-RDW-ukbb-variants.enformer_vep_scores.csv,nonhit_loci,enformer,13,112706624,67.75818639798489
variant98-NEU-ukbb-variants.enformer_vep_scores.csv,nonhit_loci,enformer,13,113272893,99.14163090128756
variant100-RDW-ukbb-variants.enformer_vep_scores.csv,nonhit_loci,enformer,13,113849020,60.36036036036037
variant103-IRF-ukbb-variants.enformer_vep_scores.csv,nonhit_loci,enformer,14,102585564,92.02127659574468
variant104-PLT-ukbb-variants.enformer_vep_scores.csv,nonhit_loci,enformer,14,103092865,16.628175519630485
variant105-MPV-ukbb-variants.enformer_vep_scores.csv,nonhit_loci,enformer,14,103103411,41.9953596287703
variant110-HGB-ukbb-variants.enformer_vep_scores.csv,nonhit_loci,enformer,14,65040257,38.333333333333336
variant111-WBC-ukbb-variants.enformer_vep_scores.csv,nonhit_loci,enformer,14,68713254,19.0
variant114-MPV-ukbb-variants.enformer_vep_scores.csv,nonhit_loci,enformer,14,68958750,98.92215568862277
variant116-MCV-ukbb-variants.enformer_vep_scores.csv,nonhit_loci,enformer,14,73757874,62.734082397003746
variant117-MCV-ukbb-variants.enformer_vep_scores.csv,nonhit_loci,enformer,14,73771327,54.11985018726592
variant118-EOS-ukbb-variants.enformer_vep_scores.csv,nonhit_loci,enformer,14,75515513,98.78048780487805
variant120-MON-ukbb-variants.enformer_vep_scores.csv,nonhit_loci,enformer,15,41937654,94.33962264150944
variant1-PLT-ukbb-variants.borzoi_vep_scores.csv,hit_loci,borzoi,1,117612209,46.28099173553719
variant2-MON-ukbb-variants.borzoi_vep_scores.csv,hit_loci,borzoi,1,117613431,92.45283018867924
variant3-PLT-ukbb-variants.borzoi_vep_scores.csv,hit_loci,borzoi,1,11982386,45.69288389513109
variant6-EOS_P-ukbb-variants.borzoi_vep_scores.csv,hit_loci,borzoi,1,198641406,76.29427792915531
variant9-EOS-ukbb-variants.borzoi_vep_scores.csv,hit_loci,borzoi,1,198681384,31.636363636363633
variant12-MON-ukbb-variants.borzoi_vep_scores.csv,hit_loci,borzoi,1,26321458,83.21428571428572
variant13-MONO_P-ukbb-variants.borzoi_vep_scores.csv,hit_loci,borzoi,1,26321543,77.24719101123596
variant15-NEU-ukbb-variants.borzoi_vep_scores.csv,hit_loci,borzoi,1,36463302,79.11392405063292
variant16-MCHC-ukbb-variants.borzoi_vep_scores.csv,hit_loci,borzoi,1,42961547,94.54545454545455
variant17-MPV-ukbb-variants.borzoi_vep_scores.csv,hit_loci,borzoi,1,51876755,78.16901408450704
variant19-MCH-ukbb-variants.borzoi_vep_scores.csv,hit_loci,borzoi,1,67701065,97.19101123595506
variant20-MPV-ukbb-variants.borzoi_vep_scores.csv,hit_loci,borzoi,10,63267850,98.69909502262443
variant21-HCT-ukbb-variants.borzoi_vep_scores.csv,hit_loci,borzoi,10,69334748,87.73584905660378
variant25-MCV-ukbb-variants.borzoi_vep_scores.csv,hit_loci,borzoi,11,2299328,95.83333333333334
variant28-PDW-ukbb-variants.borzoi_vep_scores.csv,hit_loci,borzoi,11,57432941,95.45454545454545
variant33-MPV-ukbb-variants.borzoi_vep_scores.csv,hit_loci,borzoi,12,117042419,95.41284403669725
variant34-MPV-ukbb-variants.borzoi_vep_scores.csv,hit_loci,borzoi,12,117046257,16.51376146788991
variant36-RDW-ukbb-variants.borzoi_vep_scores.csv,hit_loci,borzoi,12,54304624,91.10169491525424
variant37-MPV-ukbb-variants.borzoi_vep_scores.csv,hit_loci,borzoi,12,54342686,16.9811320754717
variant44-MCH-ukbb-variants.borzoi_vep_scores.csv,hit_loci,borzoi,13,113220766,30.434782608695656
variant48-MCH-ukbb-variants.borzoi_vep_scores.csv,hit_loci,borzoi,13,41005673,48.164464023494865
variant49-MCH-ukbb-variants.borzoi_vep_scores.csv,hit_loci,borzoi,13,41007530,94.86049926578562
variant50-PLT-ukbb-variants.borzoi_vep_scores.csv,hit_loci,borzoi,13,95244245,4.761904761904762
variant51-PLT-ukbb-variants.borzoi_vep_scores.csv,hit_loci,borzoi,13,95247462,95.83333333333334
variant52-MPV-ukbb-variants.borzoi_vep_scores.csv,hit_loci,borzoi,14,103098483,49.76958525345622
variant53-MPV-ukbb-variants.borzoi_vep_scores.csv,hit_loci,borzoi,14,103106478,70.96018735362998
variant55-WBC-ukbb-variants.borzoi_vep_scores.csv,hit_loci,borzoi,14,68726568,6.0
variant57-MPV-ukbb-variants.borzoi_vep_scores.csv,hit_loci,borzoi,15,63049797,68.77828054298642
variant58-MCV-ukbb-variants.borzoi_vep_scores.csv,hit_loci,borzoi,16,120329,22.526041666666664
variant59-MCH-ukbb-variants.borzoi_vep_scores.csv,hit_loci,borzoi,16,143225,99.64664310954063
variant64-MPV-ukbb-variants.borzoi_vep_scores.csv,hit_loci,borzoi,16,88971947,92.89340101522842
variant65-RDW-ukbb-variants.borzoi_vep_scores.csv,hit_loci,borzoi,17,28862953,50.0
variant72-MCV-ukbb-variants.borzoi_vep_scores.csv,hit_loci,borzoi,19,12888644,9.715639810426541
variant74-MPV-ukbb-variants.borzoi_vep_scores.csv,hit_loci,borzoi,19,38659595,95.8974358974359
variant75-MCHC-ukbb-variants.borzoi_vep_scores.csv,hit_loci,borzoi,19,43774629,98.59154929577466
variant76-HLSR-ukbb-variants.borzoi_vep_scores.csv,hit_loci,borzoi,19,44909976,95.37037037037037
variant86-MCV-ukbb-variants.borzoi_vep_scores.csv,hit_loci,borzoi,20,57415349,73.73737373737373
variant87-PLT-ukbb-variants.borzoi_vep_scores.csv,hit_loci,borzoi,20,59018103,37.64705882352941
variant88-MPV-ukbb-variants.borzoi_vep_scores.csv,hit_loci,borzoi,20,59022590,69.32153392330383
variant92-MCH-ukbb-variants.borzoi_vep_scores.csv,hit_loci,borzoi,22,21628971,71.96261682242991
variant94-PLTC-ukbb-variants.borzoi_vep_scores.csv,hit_loci,borzoi,3,128483046,97.24770642201835
variant97-RET_P-ukbb-variants.borzoi_vep_scores.csv,hit_loci,borzoi,3,196194440,22.265625
variant98-MCHC-ukbb-variants.borzoi_vep_scores.csv,hit_loci,borzoi,3,196195699,14.803625377643503
variant99-NEU_P-ukbb-variants.borzoi_vep_scores.csv,hit_loci,borzoi,3,28243953,98.11320754716981
variant100-LYM-ukbb-variants.borzoi_vep_scores.csv,hit_loci,borzoi,5,132260726,34.85714285714286
variant102-MCV-ukbb-variants.borzoi_vep_scores.csv,hit_loci,borzoi,6,109240576,32.608695652173914
variant103-PLT-ukbb-variants.borzoi_vep_scores.csv,hit_loci,borzoi,6,109304594,97.01492537313433
variant104-PLT-ukbb-variants.borzoi_vep_scores.csv,hit_loci,borzoi,6,33572432,64.66861598440545
variant105-PLT-ukbb-variants.borzoi_vep_scores.csv,hit_loci,borzoi,6,33577348,95.90527873704983
variant106-PLT-ukbb-variants.borzoi_vep_scores.csv,hit_loci,borzoi,6,33578721,97.77117384843982
variant107-EOS-ukbb-variants.borzoi_vep_scores.csv,hit_loci,borzoi,6,42229969,80.89887640449437
variant109-MCH-ukbb-variants.borzoi_vep_scores.csv,hit_loci,borzoi,7,100642673,87.53799392097264
variant110-MPV-ukbb-variants.borzoi_vep_scores.csv,hit_loci,borzoi,7,101856650,89.8876404494382
variant111-MCH-ukbb-variants.borzoi_vep_scores.csv,hit_loci,borzoi,7,50360284,81.41025641025641
variant114-MCH-ukbb-variants.borzoi_vep_scores.csv,hit_loci,borzoi,8,26385620,96.61016949152543
variant115-MCH-ukbb-variants.borzoi_vep_scores.csv,hit_loci,borzoi,8,26391502,42.3728813559322
variant116-MCH-ukbb-variants.borzoi_vep_scores.csv,hit_loci,borzoi,8,26393166,38.983050847457626
variant120-MONO_P-ukbb-variants.borzoi_vep_scores.csv,hit_loci,borzoi,8,55973597,96.66666666666667
variant121-MCH-ukbb-variants.borzoi_vep_scores.csv,hit_loci,borzoi,9,97990841,64.28571428571429
variant0-LYM-ukbb-variants.borzoi_vep_scores.csv,nonhit_loci,borzoi,1,101279090,99.66499162479062
variant3-RBC-ukbb-variants.borzoi_vep_scores.csv,nonhit_loci,borzoi,1,117609619,30.76923076923077
variant4-MCV-ukbb-variants.borzoi_vep_scores.csv,nonhit_loci,borzoi,1,117708553,90.09009009009009
variant6-PLT-ukbb-variants.borzoi_vep_scores.csv,nonhit_loci,borzoi,1,11983660,79.40074906367042
variant8-EOS_P-ukbb-variants.borzoi_vep_scores.csv,nonhit_loci,borzoi,1,12039288,98.88888888888889
variant10-MON-ukbb-variants.borzoi_vep_scores.csv,nonhit_loci,borzoi,1,150572164,62.753468516542156
variant11-MON-ukbb-variants.borzoi_vep_scores.csv,nonhit_loci,borzoi,1,150611627,99.7872340425532
variant12-MONO_P-ukbb-variants.borzoi_vep_scores.csv,nonhit_loci,borzoi,1,161185602,93.97590361445783
variant18-MSCV-ukbb-variants.borzoi_vep_scores.csv,nonhit_loci,borzoi,1,198665080,65.68265682656826
variant20-MCH-ukbb-variants.borzoi_vep_scores.csv,nonhit_loci,borzoi,1,203312047,83.56164383561644
variant21-MPV-ukbb-variants.borzoi_vep_scores.csv,nonhit_loci,borzoi,1,205268009,27.256944444444443
variant25-NEU-ukbb-variants.borzoi_vep_scores.csv,nonhit_loci,borzoi,1,207860984,23.557692307692307
variant30-RDW-ukbb-variants.borzoi_vep_scores.csv,nonhit_loci,borzoi,1,230158968,99.35064935064936
variant31-PLT-ukbb-variants.borzoi_vep_scores.csv,nonhit_loci,borzoi,1,230160406,7.6923076923076925
variant32-RDW-ukbb-variants.borzoi_vep_scores.csv,nonhit_loci,borzoi,1,230161913,40.909090909090914
variant35-MCHC-ukbb-variants.borzoi_vep_scores.csv,nonhit_loci,borzoi,1,3774964,86.51685393258427
variant36-NEU-ukbb-variants.borzoi_vep_scores.csv,nonhit_loci,borzoi,1,36461929,75.9493670886076
variant37-MCV-ukbb-variants.borzoi_vep_scores.csv,nonhit_loci,borzoi,1,3805045,49.03846153846153
variant38-MCHC-ukbb-variants.borzoi_vep_scores.csv,nonhit_loci,borzoi,1,42954483,76.36363636363637
variant39-MCH-ukbb-variants.borzoi_vep_scores.csv,nonhit_loci,borzoi,1,47213586,48.25581395348838
variant40-MCH-ukbb-variants.borzoi_vep_scores.csv,nonhit_loci,borzoi,1,47215306,29.651162790697676
variant41-MPV-ukbb-variants.borzoi_vep_scores.csv,nonhit_loci,borzoi,1,51871367,21.12676056338028
variant42-MPV-ukbb-variants.borzoi_vep_scores.csv,nonhit_loci,borzoi,1,51874087,85.2112676056338
variant43-MON-ukbb-variants.borzoi_vep_scores.csv,nonhit_loci,borzoi,1,92460097,97.38095238095238
variant44-MCV-ukbb-variants.borzoi_vep_scores.csv,nonhit_loci,borzoi,10,99520522,99.08256880733946
variant49-NEU_P-ukbb-variants.borzoi_vep_scores.csv,nonhit_loci,borzoi,10,124628208,15.0
variant51-MON-ukbb-variants.borzoi_vep_scores.csv,nonhit_loci,borzoi,10,24929314,93.15068493150685
variant55-PLT-ukbb-variants.borzoi_vep_scores.csv,nonhit_loci,borzoi,10,79404390,94.44444444444444
variant57-WBC-ukbb-variants.borzoi_vep_scores.csv,nonhit_loci,borzoi,10,97312838,60.62639821029083
variant59-MONO_P-ukbb-variants.borzoi_vep_scores.csv,nonhit_loci,borzoi,10,97354207,98.53658536585365
variant60-MPV-ukbb-variants.borzoi_vep_scores.csv,nonhit_loci,borzoi,11,114082900,94.9367088607595
variant74-RDW-ukbb-variants.borzoi_vep_scores.csv,nonhit_loci,borzoi,11,65586968,79.54545454545455
variant77-MPV-ukbb-variants.borzoi_vep_scores.csv,nonhit_loci,borzoi,12,117041174,32.11009174311927
variant79-MCV-ukbb-variants.borzoi_vep_scores.csv,nonhit_loci,borzoi,12,120718238,86.74540682414698
variant80-MCV-ukbb-variants.borzoi_vep_scores.csv,nonhit_loci,borzoi,12,120719732,75.7217847769029
variant81-WBC-ukbb-variants.borzoi_vep_scores.csv,nonhit_loci,borzoi,12,121801168,82.8125
variant82-WBC-ukbb-variants.borzoi_vep_scores.csv,nonhit_loci,borzoi,12,121807925,45.3125
variant83-WBC-ukbb-variants.borzoi_vep_scores.csv,nonhit_loci,borzoi,12,121811185,14.0625
variant84-WBC-ukbb-variants.borzoi_vep_scores.csv,nonhit_loci,borzoi,12,121812585,93.75
variant88-PLT-ukbb-variants.borzoi_vep_scores.csv,nonhit_loci,borzoi,12,47814585,40.816326530612244
variant89-MCV-ukbb-variants.borzoi_vep_scores.csv,nonhit_loci,borzoi,12,53364047,13.991769547325102
variant90-MCV-ukbb-variants.borzoi_vep_scores.csv,nonhit_loci,borzoi,12,53366378,96.70781893004116
variant91-MCV-ukbb-variants.borzoi_vep_scores.csv,nonhit_loci,borzoi,12,93354369,72.38095238095238
variant92-MCV-ukbb-variants.borzoi_vep_scores.csv,nonhit_loci,borzoi,12,93360628,42.857142857142854
variant93-RDW-ukbb-variants.borzoi_vep_scores.csv,nonhit_loci,borzoi,13,112698602,23.29113924050633
variant94-MCV-ukbb-variants.borzoi_vep_scores.csv,nonhit_loci,borzoi,13,112700505,28.000000000000004
variant95-RDW-ukbb-variants.borzoi_vep_scores.csv,nonhit_loci,borzoi,13,112706624,59.44584382871536
variant98-NEU-ukbb-variants.borzoi_vep_scores.csv,nonhit_loci,borzoi,13,113272893,98.28326180257511
variant100-RDW-ukbb-variants.borzoi_vep_scores.csv,nonhit_loci,borzoi,13,113849020,32.88288288288289
variant103-IRF-ukbb-variants.borzoi_vep_scores.csv,nonhit_loci,borzoi,14,102585564,90.42553191489363
variant104-PLT-ukbb-variants.borzoi_vep_scores.csv,nonhit_loci,borzoi,14,103092865,4.849884526558892
variant105-MPV-ukbb-variants.borzoi_vep_scores.csv,nonhit_loci,borzoi,14,103103411,46.8677494199536
variant110-HGB-ukbb-variants.borzoi_vep_scores.csv,nonhit_loci,borzoi,14,65040257,75.0
variant111-WBC-ukbb-variants.borzoi_vep_scores.csv,nonhit_loci,borzoi,14,68713254,9.0
variant114-MPV-ukbb-variants.borzoi_vep_scores.csv,nonhit_loci,borzoi,14,68958750,97.60479041916167
variant116-MCV-ukbb-variants.borzoi_vep_scores.csv,nonhit_loci,borzoi,14,73757874,64.41947565543072
variant117-MCV-ukbb-variants.borzoi_vep_scores.csv,nonhit_loci,borzoi,14,73771327,34.644194756554306
variant118-EOS-ukbb-variants.borzoi_vep_scores.csv,nonhit_loci,borzoi,14,75515513,98.78048780487805
variant120-MON-ukbb-variants.borzoi_vep_scores.csv,nonhit_loci,borzoi,15,41937654,83.9622641509434
variant1-PLT-ukbb-variants.borzoi_prime_vep_scores.csv,hit_loci,borzoi_prime,1,117612209,55.371900826446286
variant2-MON-ukbb-variants.borzoi_prime_vep_scores.csv,hit_loci,borzoi_prime,1,117613431,94.33962264150944
variant3-PLT-ukbb-variants.borzoi_prime_vep_scores.csv,hit_loci,borzoi_prime,1,11982386,58.42696629213483
variant6-EOS_P-ukbb-variants.borzoi_prime_vep_scores.csv,hit_loci,borzoi_prime,1,198641406,78.2016348773842
variant9-EOS-ukbb-variants.borzoi_prime_vep_scores.csv,hit_loci,borzoi_prime,1,198681384,90.9090909090909
variant12-MON-ukbb-variants.borzoi_prime_vep_scores.csv,hit_loci,borzoi_prime,1,26321458,61.42857142857143
variant13-MONO_P-ukbb-variants.borzoi_prime_vep_scores.csv,hit_loci,borzoi_prime,1,26321543,74.15730337078652
variant15-NEU-ukbb-variants.borzoi_prime_vep_scores.csv,hit_loci,borzoi_prime,1,36463302,63.92405063291139
variant16-MCHC-ukbb-variants.borzoi_prime_vep_scores.csv,hit_loci,borzoi_prime,1,42961547,94.54545454545455
variant17-MPV-ukbb-variants.borzoi_prime_vep_scores.csv,hit_loci,borzoi_prime,1,51876755,85.91549295774648
variant19-MCH-ukbb-variants.borzoi_prime_vep_scores.csv,hit_loci,borzoi_prime,1,67701065,86.51685393258427
variant20-MPV-ukbb-variants.borzoi_prime_vep_scores.csv,hit_loci,borzoi_prime,10,63267850,96.94570135746606
variant21-HCT-ukbb-variants.borzoi_prime_vep_scores.csv,hit_loci,borzoi_prime,10,69334748,84.43396226415094
variant25-MCV-ukbb-variants.borzoi_prime_vep_scores.csv,hit_loci,borzoi_prime,11,2299328,98.80952380952381
variant28-PDW-ukbb-variants.borzoi_prime_vep_scores.csv,hit_loci,borzoi_prime,11,57432941,93.93939393939394
variant33-MPV-ukbb-variants.borzoi_prime_vep_scores.csv,hit_loci,borzoi_prime,12,117042419,98.1651376146789
variant34-MPV-ukbb-variants.borzoi_prime_vep_scores.csv,hit_loci,borzoi_prime,12,117046257,30.275229357798167
variant36-RDW-ukbb-variants.borzoi_prime_vep_scores.csv,hit_loci,borzoi_prime,12,54304624,90.67796610169492
variant37-MPV-ukbb-variants.borzoi_prime_vep_scores.csv,hit_loci,borzoi_prime,12,54342686,33.25471698113208
variant44-MCH-ukbb-variants.borzoi_prime_vep_scores.csv,hit_loci,borzoi_prime,13,113220766,45.65217391304348
variant48-MCH-ukbb-variants.borzoi_prime_vep_scores.csv,hit_loci,borzoi_prime,13,41005673,61.67400881057269
variant49-MCH-ukbb-variants.borzoi_prime_vep_scores.csv,hit_loci,borzoi_prime,13,41007530,85.46255506607929
variant50-PLT-ukbb-variants.borzoi_prime_vep_scores.csv,hit_loci,borzoi_prime,13,95244245,7.142857142857142
variant51-PLT-ukbb-variants.borzoi_prime_vep_scores.csv,hit_loci,borzoi_prime,13,95247462,98.21428571428571
variant52-MPV-ukbb-variants.borzoi_prime_vep_scores.csv,hit_loci,borzoi_prime,14,103098483,67.2811059907834
variant53-MPV-ukbb-variants.borzoi_prime_vep_scores.csv,hit_loci,borzoi_prime,14,103106478,24.355971896955502
variant55-WBC-ukbb-variants.borzoi_prime_vep_scores.csv,hit_loci,borzoi_prime,14,68726568,0.0
variant57-MPV-ukbb-variants.borzoi_prime_vep_scores.csv,hit_loci,borzoi_prime,15,63049797,82.80542986425338
variant58-MCV-ukbb-variants.borzoi_prime_vep_scores.csv,hit_loci,borzoi_prime,16,120329,3.90625
variant59-MCH-ukbb-variants.borzoi_prime_vep_scores.csv,hit_loci,borzoi_prime,16,143225,99.88221436984688
variant64-MPV-ukbb-variants.borzoi_prime_vep_scores.csv,hit_loci,borzoi_prime,16,88971947,93.90862944162437
variant65-RDW-ukbb-variants.borzoi_prime_vep_scores.csv,hit_loci,borzoi_prime,17,28862953,15.11111111111111
variant72-MCV-ukbb-variants.borzoi_prime_vep_scores.csv,hit_loci,borzoi_prime,19,12888644,18.009478672985782
variant74-MPV-ukbb-variants.borzoi_prime_vep_scores.csv,hit_loci,borzoi_prime,19,38659595,98.71794871794873
variant75-MCHC-ukbb-variants.borzoi_prime_vep_scores.csv,hit_loci,borzoi_prime,19,43774629,98.59154929577466
variant76-HLSR-ukbb-variants.borzoi_prime_vep_scores.csv,hit_loci,borzoi_prime,19,44909976,76.85185185185185
variant86-MCV-ukbb-variants.borzoi_prime_vep_scores.csv,hit_loci,borzoi_prime,20,57415349,93.26599326599326
variant87-PLT-ukbb-variants.borzoi_prime_vep_scores.csv,hit_loci,borzoi_prime,20,59018103,52.352941176470594
variant88-MPV-ukbb-variants.borzoi_prime_vep_scores.csv,hit_loci,borzoi_prime,20,59022590,54.572271386430685
variant92-MCH-ukbb-variants.borzoi_prime_vep_scores.csv,hit_loci,borzoi_prime,22,21628971,84.11214953271028
variant94-PLTC-ukbb-variants.borzoi_prime_vep_scores.csv,hit_loci,borzoi_prime,3,128483046,89.90825688073394
variant97-RET_P-ukbb-variants.borzoi_prime_vep_scores.csv,hit_loci,borzoi_prime,3,196194440,64.84375
variant98-MCHC-ukbb-variants.borzoi_prime_vep_scores.csv,hit_loci,borzoi_prime,3,196195699,45.61933534743202
variant99-NEU_P-ukbb-variants.borzoi_prime_vep_scores.csv,hit_loci,borzoi_prime,3,28243953,96.22641509433963
variant100-LYM-ukbb-variants.borzoi_prime_vep_scores.csv,hit_loci,borzoi_prime,5,132260726,66.0
variant102-MCV-ukbb-variants.borzoi_prime_vep_scores.csv,hit_loci,borzoi_prime,6,109240576,52.17391304347826
variant103-PLT-ukbb-variants.borzoi_prime_vep_scores.csv,hit_loci,borzoi_prime,6,109304594,95.52238805970148
variant104-PLT-ukbb-variants.borzoi_prime_vep_scores.csv,hit_loci,borzoi_prime,6,33572432,81.96881091617934
variant105-PLT-ukbb-variants.borzoi_prime_vep_scores.csv,hit_loci,borzoi_prime,6,33577348,94.67192895905279
variant106-PLT-ukbb-variants.borzoi_prime_vep_scores.csv,hit_loci,borzoi_prime,6,33578721,97.52352649826646
variant107-EOS-ukbb-variants.borzoi_prime_vep_scores.csv,hit_loci,borzoi_prime,6,42229969,91.01123595505618
variant109-MCH-ukbb-variants.borzoi_prime_vep_scores.csv,hit_loci,borzoi_prime,7,100642673,89.05775075987842
variant110-MPV-ukbb-variants.borzoi_prime_vep_scores.csv,hit_loci,borzoi_prime,7,101856650,92.13483146067416
variant111-MCH-ukbb-variants.borzoi_prime_vep_scores.csv,hit_loci,borzoi_prime,7,50360284,93.91025641025641
variant114-MCH-ukbb-variants.borzoi_prime_vep_scores.csv,hit_loci,borzoi_prime,8,26385620,91.52542372881356
variant115-MCH-ukbb-variants.borzoi_prime_vep_scores.csv,hit_loci,borzoi_prime,8,26391502,76.27118644067797
variant116-MCH-ukbb-variants.borzoi_prime_vep_scores.csv,hit_loci,borzoi_prime,8,26393166,10.16949152542373
variant120-MONO_P-ukbb-variants.borzoi_prime_vep_scores.csv,hit_loci,borzoi_prime,8,55973597,94.44444444444444
variant121-MCH-ukbb-variants.borzoi_prime_vep_scores.csv,hit_loci,borzoi_prime,9,97990841,65.71428571428571
variant0-LYM-ukbb-variants.borzoi_prime_vep_scores.csv,nonhit_loci,borzoi_prime,1,101279090,94.47236180904522
variant3-RBC-ukbb-variants.borzoi_prime_vep_scores.csv,nonhit_loci,borzoi_prime,1,117609619,67.3076923076923
variant4-MCV-ukbb-variants.borzoi_prime_vep_scores.csv,nonhit_loci,borzoi_prime,1,117708553,88.28828828828829
variant6-PLT-ukbb-variants.borzoi_prime_vep_scores.csv,nonhit_loci,borzoi_prime,1,11983660,84.26966292134831
variant8-EOS_P-ukbb-variants.borzoi_prime_vep_scores.csv,nonhit_loci,borzoi_prime,1,12039288,97.77777777777777
variant10-MON-ukbb-variants.borzoi_prime_vep_scores.csv,nonhit_loci,borzoi_prime,1,150572164,56.77694770544291
variant11-MON-ukbb-variants.borzoi_prime_vep_scores.csv,nonhit_loci,borzoi_prime,1,150611627,98.61702127659574
variant12-MONO_P-ukbb-variants.borzoi_prime_vep_scores.csv,nonhit_loci,borzoi_prime,1,161185602,98.79518072289156
variant18-MSCV-ukbb-variants.borzoi_prime_vep_scores.csv,nonhit_loci,borzoi_prime,1,198665080,79.33579335793358
variant20-MCH-ukbb-variants.borzoi_prime_vep_scores.csv,nonhit_loci,borzoi_prime,1,203312047,80.82191780821918
variant21-MPV-ukbb-variants.borzoi_prime_vep_scores.csv,nonhit_loci,borzoi_prime,1,205268009,46.61458333333333
variant25-NEU-ukbb-variants.borzoi_prime_vep_scores.csv,nonhit_loci,borzoi_prime,1,207860984,61.53846153846154
variant30-RDW-ukbb-variants.borzoi_prime_vep_scores.csv,nonhit_loci,borzoi_prime,1,230158968,96.1038961038961
variant31-PLT-ukbb-variants.borzoi_prime_vep_scores.csv,nonhit_loci,borzoi_prime,1,230160406,2.307692307692308
variant32-RDW-ukbb-variants.borzoi_prime_vep_scores.csv,nonhit_loci,borzoi_prime,1,230161913,38.961038961038966
variant35-MCHC-ukbb-variants.borzoi_prime_vep_scores.csv,nonhit_loci,borzoi_prime,1,3774964,97.19101123595506
variant36-NEU-ukbb-variants.borzoi_prime_vep_scores.csv,nonhit_loci,borzoi_prime,1,36461929,82.27848101265823
variant37-MCV-ukbb-variants.borzoi_prime_vep_scores.csv,nonhit_loci,borzoi_prime,1,3805045,17.307692307692307
variant38-MCHC-ukbb-variants.borzoi_prime_vep_scores.csv,nonhit_loci,borzoi_prime,1,42954483,29.09090909090909
variant39-MCH-ukbb-variants.borzoi_prime_vep_scores.csv,nonhit_loci,borzoi_prime,1,47213586,86.62790697674419
variant40-MCH-ukbb-variants.borzoi_prime_vep_scores.csv,nonhit_loci,borzoi_prime,1,47215306,75.5813953488372
variant41-MPV-ukbb-variants.borzoi_prime_vep_scores.csv,nonhit_loci,borzoi_prime,1,51871367,73.23943661971832
variant42-MPV-ukbb-variants.borzoi_prime_vep_scores.csv,nonhit_loci,borzoi_prime,1,51874087,52.816901408450704
variant43-MON-ukbb-variants.borzoi_prime_vep_scores.csv,nonhit_loci,borzoi_prime,1,92460097,98.69047619047619
variant44-MCV-ukbb-variants.borzoi_prime_vep_scores.csv,nonhit_loci,borzoi_prime,10,99520522,99.08256880733946
variant49-NEU_P-ukbb-variants.borzoi_prime_vep_scores.csv,nonhit_loci,borzoi_prime,10,124628208,36.666666666666664
variant51-MON-ukbb-variants.borzoi_prime_vep_scores.csv,nonhit_loci,borzoi_prime,10,24929314,97.26027397260275
variant55-PLT-ukbb-variants.borzoi_prime_vep_scores.csv,nonhit_loci,borzoi_prime,10,79404390,94.44444444444444
variant57-WBC-ukbb-variants.borzoi_prime_vep_scores.csv,nonhit_loci,borzoi_prime,10,97312838,30.201342281879196
variant59-MONO_P-ukbb-variants.borzoi_prime_vep_scores.csv,nonhit_loci,borzoi_prime,10,97354207,98.53658536585365
variant60-MPV-ukbb-variants.borzoi_prime_vep_scores.csv,nonhit_loci,borzoi_prime,11,114082900,91.13924050632912
variant74-RDW-ukbb-variants.borzoi_prime_vep_scores.csv,nonhit_loci,borzoi_prime,11,65586968,63.86363636363637
variant77-MPV-ukbb-variants.borzoi_prime_vep_scores.csv,nonhit_loci,borzoi_prime,12,117041174,51.37614678899083
variant79-MCV-ukbb-variants.borzoi_prime_vep_scores.csv,nonhit_loci,borzoi_prime,12,120718238,76.77165354330708
variant80-MCV-ukbb-variants.borzoi_prime_vep_scores.csv,nonhit_loci,borzoi_prime,12,120719732,88.84514435695539
variant81-WBC-ukbb-variants.borzoi_prime_vep_scores.csv,nonhit_loci,borzoi_prime,12,121801168,93.75
variant82-WBC-ukbb-variants.borzoi_prime_vep_scores.csv,nonhit_loci,borzoi_prime,12,121807925,40.625
variant83-WBC-ukbb-variants.borzoi_prime_vep_scores.csv,nonhit_loci,borzoi_prime,12,121811185,12.5
variant84-WBC-ukbb-variants.borzoi_prime_vep_scores.csv,nonhit_loci,borzoi_prime,12,121812585,96.875
variant88-PLT-ukbb-variants.borzoi_prime_vep_scores.csv,nonhit_loci,borzoi_prime,12,47814585,56.12244897959183
variant89-MCV-ukbb-variants.borzoi_prime_vep_scores.csv,nonhit_loci,borzoi_prime,12,53364047,26.337448559670783
variant90-MCV-ukbb-variants.borzoi_prime_vep_scores.csv,nonhit_loci,borzoi_prime,12,53366378,94.23868312757202
variant91-MCV-ukbb-variants.borzoi_prime_vep_scores.csv,nonhit_loci,borzoi_prime,12,93354369,47.61904761904761
variant92-MCV-ukbb-variants.borzoi_prime_vep_scores.csv,nonhit_loci,borzoi_prime,12,93360628,60.0
variant93-RDW-ukbb-variants.borzoi_prime_vep_scores.csv,nonhit_loci,borzoi_prime,13,112698602,65.82278481012658
variant94-MCV-ukbb-variants.borzoi_prime_vep_scores.csv,nonhit_loci,borzoi_prime,13,112700505,14.000000000000002
variant95-RDW-ukbb-variants.borzoi_prime_vep_scores.csv,nonhit_loci,borzoi_prime,13,112706624,18.1360201511335
variant98-NEU-ukbb-variants.borzoi_prime_vep_scores.csv,nonhit_loci,borzoi_prime,13,113272893,97.85407725321889
variant100-RDW-ukbb-variants.borzoi_prime_vep_scores.csv,nonhit_loci,borzoi_prime,13,113849020,71.17117117117117
variant103-IRF-ukbb-variants.borzoi_prime_vep_scores.csv,nonhit_loci,borzoi_prime,14,102585564,93.08510638297872
variant104-PLT-ukbb-variants.borzoi_prime_vep_scores.csv,nonhit_loci,borzoi_prime,14,103092865,32.79445727482679
variant105-MPV-ukbb-variants.borzoi_prime_vep_scores.csv,nonhit_loci,borzoi_prime,14,103103411,52.43619489559165
variant110-HGB-ukbb-variants.borzoi_prime_vep_scores.csv,nonhit_loci,borzoi_prime,14,65040257,16.666666666666664
variant111-WBC-ukbb-variants.borzoi_prime_vep_scores.csv,nonhit_loci,borzoi_prime,14,68713254,16.0
variant114-MPV-ukbb-variants.borzoi_prime_vep_scores.csv,nonhit_loci,borzoi_prime,14,68958750,99.04191616766467
variant116-MCV-ukbb-variants.borzoi_prime_vep_scores.csv,nonhit_loci,borzoi_prime,14,73757874,77.15355805243446
variant117-MCV-ukbb-variants.borzoi_prime_vep_scores.csv,nonhit_loci,borzoi_prime,14,73771327,57.11610486891385
variant118-EOS-ukbb-variants.borzoi_prime_vep_scores.csv,nonhit_loci,borzoi_prime,14,75515513,98.78048780487805
variant120-MON-ukbb-variants.borzoi_prime_vep_scores.csv,nonhit_loci,borzoi_prime,15,41937654,86.79245283018868
