variant_id,chrom,pos,consort,pval_threshold,hit_snp_present,num_variants
0,1,116950766,ukbb,5e-08,False,0
0,1,116950766,ukbb,1e-06,False,0
0,1,116950766,bcc,5e-08,False,3
0,1,116950766,bcc,1e-06,False,26
1,1,118154831,ukbb,5e-08,True,136
1,1,118154831,ukbb,1e-06,True,193
1,1,118154831,bcc,5e-08,True,211
1,1,118154831,bcc,1e-06,True,255
2,1,118156053,ukbb,5e-08,True,62
2,1,118156053,ukbb,1e-06,True,76
2,1,118156053,bcc,5e-08,True,80
2,1,118156053,bcc,1e-06,True,117
3,1,12042443,ukbb,5e-08,True,302
3,1,12042443,ukbb,1e-06,True,403
3,1,12042443,bcc,5e-08,True,431
3,1,12042443,bcc,1e-06,True,500
4,1,159892088,ukbb,5e-08,True,28
4,1,159892088,ukbb,1e-06,True,34
4,1,159892088,bcc,5e-08,True,33
4,1,159892088,bcc,1e-06,True,33
5,1,198603279,ukbb,5e-08,False,29
5,1,198603279,ukbb,1e-06,False,60
5,1,198603279,bcc,5e-08,False,314
5,1,198603279,bcc,1e-06,False,507
6,1,198610536,ukbb,5e-08,True,428
6,1,198610536,ukbb,1e-06,True,522
7,1,198619686,ukbb,5e-08,False,29
7,1,198619686,ukbb,1e-06,False,60
7,1,198619686,bcc,5e-08,False,326
7,1,198619686,bcc,1e-06,False,525
8,1,198632356,ukbb,5e-08,False,338
8,1,198632356,ukbb,1e-06,False,436
8,1,198632356,bcc,5e-08,False,513
8,1,198632356,bcc,1e-06,False,591
9,1,198650513,ukbb,5e-08,True,322
9,1,198650513,ukbb,1e-06,True,385
9,1,198650513,bcc,5e-08,True,534
9,1,198650513,bcc,1e-06,True,646
10,1,206846600,ukbb,5e-08,True,29
10,1,206846600,ukbb,1e-06,True,44
10,1,206846600,bcc,5e-08,True,73
10,1,206846600,bcc,1e-06,True,89
11,1,220079664,ukbb,5e-08,True,21
11,1,220079664,ukbb,1e-06,True,30
11,1,220079664,bcc,5e-08,True,187
11,1,220079664,bcc,1e-06,True,308
12,1,26647949,ukbb,5e-08,True,320
12,1,26647949,ukbb,1e-06,True,366
12,1,26647949,bcc,5e-08,True,346
12,1,26647949,bcc,1e-06,True,466
13,1,26648034,ukbb,5e-08,True,412
13,1,26648034,ukbb,1e-06,True,632
14,1,31241886,ukbb,5e-08,False,1
14,1,31241886,ukbb,1e-06,False,2
14,1,31241886,bcc,5e-08,True,6
14,1,31241886,bcc,1e-06,True,17
15,1,36928903,ukbb,5e-08,True,176
15,1,36928903,ukbb,1e-06,True,202
15,1,36928903,bcc,5e-08,True,349
15,1,36928903,bcc,1e-06,True,386
16,1,43427218,ukbb,5e-08,True,59
16,1,43427218,ukbb,1e-06,True,102
16,1,43427218,bcc,5e-08,True,105
16,1,43427218,bcc,1e-06,True,118
17,1,52342427,ukbb,5e-08,True,174
17,1,52342427,ukbb,1e-06,True,186
17,1,52342427,bcc,5e-08,True,174
17,1,52342427,bcc,1e-06,True,233
18,1,68152438,ukbb,5e-08,False,0
18,1,68152438,ukbb,1e-06,False,0
18,1,68152438,bcc,5e-08,True,26
18,1,68152438,bcc,1e-06,True,32
19,1,68166748,ukbb,5e-08,True,199
19,1,68166748,ukbb,1e-06,True,218
19,1,68166748,bcc,5e-08,True,236
19,1,68166748,bcc,1e-06,True,258
20,10,65027610,ukbb,5e-08,True,2099
20,10,65027610,ukbb,1e-06,True,2226
20,10,65027610,bcc,5e-08,True,2528
20,10,65027610,bcc,1e-06,True,2717
21,10,71094504,ukbb,5e-08,True,242
21,10,71094504,ukbb,1e-06,True,329
21,10,71094504,bcc,5e-08,True,377
21,10,71094504,bcc,1e-06,True,488
22,10,94516468,ukbb,5e-08,True,53
22,10,94516468,ukbb,1e-06,True,78
23,10,97053775,ukbb,5e-08,True,31
23,10,97053775,ukbb,1e-06,True,65
23,10,97053775,bcc,5e-08,True,93
23,10,97053775,bcc,1e-06,True,167
24,10,97057370,ukbb,5e-08,True,31
24,10,97057370,ukbb,1e-06,True,64
24,10,97057370,bcc,5e-08,True,92
24,10,97057370,bcc,1e-06,True,166
25,11,2320558,ukbb,5e-08,True,183
25,11,2320558,ukbb,1e-06,True,186
25,11,2320558,bcc,5e-08,True,189
25,11,2320558,bcc,1e-06,True,202
26,11,2324347,ukbb,5e-08,True,1
26,11,2324347,ukbb,1e-06,True,11
26,11,2324347,bcc,5e-08,True,14
26,11,2324347,bcc,1e-06,True,17
27,11,238058,ukbb,5e-08,False,1
27,11,238058,ukbb,1e-06,False,5
27,11,238058,bcc,5e-08,True,49
27,11,238058,bcc,1e-06,True,79
28,11,57200414,ukbb,5e-08,True,73
28,11,57200414,ukbb,1e-06,True,84
29,11,64005412,ukbb,5e-08,True,24
29,11,64005412,ukbb,1e-06,True,29
29,11,64005412,bcc,5e-08,True,45
29,11,64005412,bcc,1e-06,True,107
30,11,64006907,ukbb,5e-08,True,24
30,11,64006907,ukbb,1e-06,True,29
30,11,64006907,bcc,5e-08,True,45
30,11,64006907,bcc,1e-06,True,107
31,11,64006909,ukbb,5e-08,True,26
31,11,64006909,ukbb,1e-06,True,33
32,11,67804807,ukbb,5e-08,False,8
32,11,67804807,ukbb,1e-06,False,43
32,11,67804807,bcc,5e-08,False,76
32,11,67804807,bcc,1e-06,False,163
33,12,117480224,ukbb,5e-08,True,137
33,12,117480224,ukbb,1e-06,True,218
33,12,117480224,bcc,5e-08,True,174
33,12,117480224,bcc,1e-06,True,238
34,12,117484062,ukbb,5e-08,True,137
34,12,117484062,ukbb,1e-06,True,218
34,12,117484062,bcc,5e-08,True,174
34,12,117484062,bcc,1e-06,True,238
35,12,54685880,ukbb,5e-08,True,1
35,12,54685880,ukbb,1e-06,True,1
35,12,54685880,bcc,5e-08,True,30
35,12,54685880,bcc,1e-06,True,43
36,12,54698408,ukbb,5e-08,True,278
36,12,54698408,ukbb,1e-06,True,350
36,12,54698408,bcc,5e-08,True,471
36,12,54698408,bcc,1e-06,True,534
37,12,54736470,ukbb,5e-08,True,504
37,12,54736470,ukbb,1e-06,True,576
37,12,54736470,bcc,5e-08,True,698
37,12,54736470,bcc,1e-06,True,820
38,12,6441623,ukbb,5e-08,True,48
38,12,6441623,ukbb,1e-06,True,52
39,12,6503786,ukbb,5e-08,True,40
39,12,6503786,ukbb,1e-06,True,47
39,12,6503786,bcc,5e-08,False,38
39,12,6503786,bcc,1e-06,False,58
40,12,7274097,ukbb,5e-08,False,0
40,12,7274097,ukbb,1e-06,False,22
40,12,7274097,bcc,5e-08,True,30
40,12,7274097,bcc,1e-06,True,52
41,12,7275546,ukbb,5e-08,False,0
41,12,7275546,ukbb,1e-06,False,22
41,12,7275546,bcc,5e-08,True,30
41,12,7275546,bcc,1e-06,True,52
42,12,7276847,ukbb,5e-08,False,0
42,12,7276847,ukbb,1e-06,False,22
42,12,7276847,bcc,5e-08,True,30
42,12,7276847,bcc,1e-06,True,52
43,12,93709892,ukbb,5e-08,True,33
43,12,93709892,ukbb,1e-06,True,95
43,12,93709892,bcc,5e-08,True,154
43,12,93709892,bcc,1e-06,True,186
44,13,113875080,ukbb,5e-08,True,100
44,13,113875080,ukbb,1e-06,True,210
44,13,113875080,bcc,5e-08,True,572
44,13,113875080,bcc,1e-06,True,625
45,13,114147674,ukbb,5e-08,False,11
45,13,114147674,ukbb,1e-06,True,46
45,13,114147674,bcc,5e-08,False,68
45,13,114147674,bcc,1e-06,False,107
46,13,28000507,ukbb,5e-08,False,4
46,13,28000507,ukbb,1e-06,True,39
46,13,28000507,bcc,5e-08,True,178
46,13,28000507,bcc,1e-06,True,193
47,13,28022617,ukbb,5e-08,False,4
47,13,28022617,ukbb,1e-06,True,39
47,13,28022617,bcc,5e-08,True,178
47,13,28022617,bcc,1e-06,True,193
48,13,41579809,ukbb,5e-08,True,785
48,13,41579809,ukbb,1e-06,True,807
48,13,41579809,bcc,5e-08,True,785
48,13,41579809,bcc,1e-06,True,898
49,13,41581666,ukbb,5e-08,True,785
49,13,41581666,ukbb,1e-06,True,807
49,13,41581666,bcc,5e-08,True,785
49,13,41581666,bcc,1e-06,True,898
50,13,95896499,ukbb,5e-08,True,193
50,13,95896499,ukbb,1e-06,True,252
50,13,95896499,bcc,5e-08,True,405
50,13,95896499,bcc,1e-06,True,542
51,13,95899716,ukbb,5e-08,True,193
51,13,95899716,ukbb,1e-06,True,252
51,13,95899716,bcc,5e-08,True,405
51,13,95899716,bcc,1e-06,True,542
52,14,103564820,ukbb,5e-08,True,506
52,14,103564820,ukbb,1e-06,True,634
52,14,103564820,bcc,5e-08,True,848
52,14,103564820,bcc,1e-06,True,976
53,14,103572815,ukbb,5e-08,True,496
53,14,103572815,ukbb,1e-06,True,623
53,14,103572815,bcc,5e-08,True,837
53,14,103572815,bcc,1e-06,True,965
54,14,69186660,ukbb,5e-08,True,23
54,14,69186660,ukbb,1e-06,True,33
54,14,69186660,bcc,5e-08,True,86
54,14,69186660,bcc,1e-06,True,108
55,14,69193285,ukbb,5e-08,True,106
55,14,69193285,ukbb,1e-06,True,145
55,14,69193285,bcc,5e-08,True,215
55,14,69193285,bcc,1e-06,True,229
56,14,96003198,ukbb,5e-08,True,36
56,14,96003198,ukbb,1e-06,True,62
56,14,96003198,bcc,5e-08,True,161
56,14,96003198,bcc,1e-06,True,296
57,15,63341996,ukbb,5e-08,True,519
57,15,63341996,ukbb,1e-06,True,566
57,15,63341996,bcc,5e-08,True,585
57,15,63341996,bcc,1e-06,True,706
58,16,170328,ukbb,5e-08,True,863
58,16,170328,ukbb,1e-06,True,1067
58,16,170328,bcc,5e-08,True,2250
58,16,170328,bcc,1e-06,True,2489
59,16,193224,ukbb,5e-08,True,951
59,16,193224,ukbb,1e-06,True,1073
59,16,193224,bcc,5e-08,True,2318
59,16,193224,bcc,1e-06,True,2546
60,16,29820480,ukbb,5e-08,True,42
60,16,29820480,ukbb,1e-06,True,51
60,16,29820480,bcc,5e-08,True,308
60,16,29820480,bcc,1e-06,True,321
61,16,87888119,ukbb,5e-08,True,13
61,16,87888119,ukbb,1e-06,True,22
62,16,87889495,ukbb,5e-08,True,24
62,16,87889495,ukbb,1e-06,True,44
62,16,87889495,bcc,5e-08,True,38
62,16,87889495,bcc,1e-06,True,80
63,16,88840462,ukbb,5e-08,False,30
63,16,88840462,ukbb,1e-06,True,128
63,16,88840462,bcc,5e-08,True,112
63,16,88840462,bcc,1e-06,True,212
64,16,89038355,ukbb,5e-08,True,223
64,16,89038355,ukbb,1e-06,True,436
64,16,89038355,bcc,5e-08,True,560
64,16,89038355,bcc,1e-06,True,666
65,17,27189971,ukbb,5e-08,True,557
65,17,27189971,ukbb,1e-06,True,668
65,17,27189971,bcc,5e-08,True,760
65,17,27189971,bcc,1e-06,True,898
66,17,27193072,ukbb,5e-08,True,361
66,17,27193072,ukbb,1e-06,True,442
67,17,56410041,ukbb,5e-08,True,17
67,17,56410041,ukbb,1e-06,True,21
67,17,56410041,bcc,5e-08,True,74
67,17,56410041,bcc,1e-06,True,107
68,17,58602131,ukbb,5e-08,False,0
68,17,58602131,ukbb,1e-06,True,1
68,17,58602131,bcc,5e-08,True,10
68,17,58602131,bcc,1e-06,True,20
69,17,7141140,ukbb,5e-08,True,3
69,17,7141140,ukbb,1e-06,True,8
69,17,7141140,bcc,5e-08,True,100
69,17,7141140,bcc,1e-06,True,132
70,17,76253996,ukbb,5e-08,False,0
70,17,76253996,ukbb,1e-06,False,0
70,17,76253996,bcc,5e-08,True,38
70,17,76253996,bcc,1e-06,True,175
71,18,9191860,ukbb,5e-08,True,5
71,18,9191860,ukbb,1e-06,True,8
71,18,9191860,bcc,5e-08,True,74
71,18,9191860,bcc,1e-06,True,179
72,19,12999458,ukbb,5e-08,True,497
72,19,12999458,ukbb,1e-06,True,544
72,19,12999458,bcc,5e-08,True,757
72,19,12999458,bcc,1e-06,True,851
73,19,14529082,ukbb,5e-08,True,1
73,19,14529082,ukbb,1e-06,True,1
73,19,14529082,bcc,5e-08,True,13
73,19,14529082,bcc,1e-06,True,15
74,19,39150235,ukbb,5e-08,True,441
74,19,39150235,ukbb,1e-06,True,510
74,19,39150235,bcc,5e-08,True,586
74,19,39150235,bcc,1e-06,True,649
75,19,44278781,ukbb,5e-08,True,69
75,19,44278781,ukbb,1e-06,True,69
75,19,44278781,bcc,5e-08,True,420
75,19,44278781,bcc,1e-06,True,448
76,19,45413233,ukbb,5e-08,True,129
76,19,45413233,ukbb,1e-06,True,143
77,19,5684775,ukbb,5e-08,True,32
77,19,5684775,ukbb,1e-06,True,49
77,19,5684775,bcc,5e-08,True,134
77,19,5684775,bcc,1e-06,True,220
78,2,236369478,ukbb,5e-08,True,28
78,2,236369478,ukbb,1e-06,True,31
78,2,236369478,bcc,5e-08,True,30
78,2,236369478,bcc,1e-06,True,49
79,2,26398768,ukbb,5e-08,False,47
79,2,26398768,ukbb,1e-06,True,203
79,2,26398768,bcc,5e-08,True,377
79,2,26398768,bcc,1e-06,True,466
80,2,54787592,ukbb,5e-08,True,3
80,2,54787592,ukbb,1e-06,True,9
80,2,54787592,bcc,5e-08,True,41
80,2,54787592,bcc,1e-06,True,59
81,2,62523565,ukbb,5e-08,True,44
81,2,62523565,ukbb,1e-06,True,47
81,2,62523565,bcc,5e-08,True,169
81,2,62523565,bcc,1e-06,True,238
82,20,45944659,ukbb,5e-08,True,7
82,20,45944659,ukbb,1e-06,True,7
82,20,45944659,bcc,5e-08,True,81
82,20,45944659,bcc,1e-06,True,129
83,20,45989672,ukbb,5e-08,False,7
83,20,45989672,ukbb,1e-06,False,7
83,20,45989672,bcc,5e-08,False,81
83,20,45989672,bcc,1e-06,True,129
84,20,54988877,ukbb,5e-08,True,15
84,20,54988877,ukbb,1e-06,True,16
84,20,54988877,bcc,5e-08,True,23
84,20,54988877,bcc,1e-06,True,26
85,20,54990124,ukbb,5e-08,True,15
85,20,54990124,ukbb,1e-06,True,16
85,20,54990124,bcc,5e-08,True,23
85,20,54990124,bcc,1e-06,True,26
86,20,55990405,ukbb,5e-08,True,330
86,20,55990405,ukbb,1e-06,True,396
86,20,55990405,bcc,5e-08,True,583
86,20,55990405,bcc,1e-06,True,721
87,20,57593158,ukbb,5e-08,True,191
87,20,57593158,ukbb,1e-06,True,249
87,20,57593158,bcc,5e-08,True,361
87,20,57593158,bcc,1e-06,True,427
88,20,57597645,ukbb,5e-08,True,383
88,20,57597645,ukbb,1e-06,True,444
88,20,57597645,bcc,5e-08,True,504
88,20,57597645,bcc,1e-06,True,612
89,21,36280376,ukbb,5e-08,False,0
89,21,36280376,ukbb,1e-06,False,0
89,21,36280376,bcc,5e-08,True,10
89,21,36280376,bcc,1e-06,True,39
90,22,19694333,ukbb,5e-08,False,57
90,22,19694333,ukbb,1e-06,False,71
90,22,19694333,bcc,5e-08,True,122
90,22,19694333,bcc,1e-06,True,166
91,22,19972452,ukbb,5e-08,True,36
91,22,19972452,ukbb,1e-06,True,40
91,22,19972452,bcc,5e-08,True,70
91,22,19972452,bcc,1e-06,True,91
92,22,21983260,ukbb,5e-08,True,122
92,22,21983260,ukbb,1e-06,True,133
92,22,21983260,bcc,5e-08,True,167
92,22,21983260,bcc,1e-06,True,191
93,22,37638621,ukbb,5e-08,True,2
93,22,37638621,ukbb,1e-06,True,11
93,22,37638621,bcc,5e-08,True,8
93,22,37638621,bcc,1e-06,True,66
94,3,128201889,ukbb,5e-08,True,115
94,3,128201889,ukbb,1e-06,True,129
95,3,128203035,ukbb,5e-08,True,3
95,3,128203035,ukbb,1e-06,True,10
95,3,128203035,bcc,5e-08,True,56
95,3,128203035,bcc,1e-06,True,124
96,3,138596592,ukbb,5e-08,True,3
96,3,138596592,ukbb,1e-06,True,274
96,3,138596592,bcc,5e-08,True,301
96,3,138596592,bcc,1e-06,True,367
97,3,195921311,ukbb,5e-08,True,274
97,3,195921311,ukbb,1e-06,True,388
98,3,195922570,ukbb,5e-08,True,358
98,3,195922570,ukbb,1e-06,True,397
98,3,195922570,bcc,5e-08,True,704
98,3,195922570,bcc,1e-06,True,815
99,3,28285444,ukbb,5e-08,True,57
99,3,28285444,ukbb,1e-06,True,100
100,5,131596419,ukbb,5e-08,True,394
100,5,131596419,ukbb,1e-06,True,470
100,5,131596419,bcc,5e-08,True,715
100,5,131596419,bcc,1e-06,True,807
101,5,134722833,ukbb,5e-08,True,19
101,5,134722833,ukbb,1e-06,True,24
102,6,109561779,ukbb,5e-08,True,1533
102,6,109561779,ukbb,1e-06,True,1565
102,6,109561779,bcc,5e-08,True,1977
102,6,109561779,bcc,1e-06,True,2151
103,6,109625797,ukbb,5e-08,True,368
103,6,109625797,ukbb,1e-06,True,581
103,6,109625797,bcc,5e-08,True,950
103,6,109625797,bcc,1e-06,True,982
104,6,33540209,ukbb,5e-08,True,2314
104,6,33540209,ukbb,1e-06,True,2503
104,6,33540209,bcc,5e-08,True,2849
104,6,33540209,bcc,1e-06,True,3103
105,6,33545125,ukbb,5e-08,True,2288
105,6,33545125,ukbb,1e-06,True,2476
105,6,33545125,bcc,5e-08,True,2820
105,6,33545125,bcc,1e-06,True,3069
106,6,33546498,ukbb,5e-08,True,2280
106,6,33546498,ukbb,1e-06,True,2466
106,6,33546498,bcc,5e-08,True,2811
106,6,33546498,bcc,1e-06,True,3057
107,6,42197707,ukbb,5e-08,True,108
107,6,42197707,ukbb,1e-06,True,188
107,6,42197707,bcc,5e-08,True,261
107,6,42197707,bcc,1e-06,True,304
108,6,44072726,ukbb,5e-08,True,16
108,6,44072726,ukbb,1e-06,True,24
108,6,44072726,bcc,5e-08,True,74
108,6,44072726,bcc,1e-06,True,99
109,7,100240296,ukbb,5e-08,True,758
109,7,100240296,ukbb,1e-06,True,823
109,7,100240296,bcc,5e-08,True,1113
109,7,100240296,bcc,1e-06,True,1294
110,7,101499930,ukbb,5e-08,True,101
110,7,101499930,ukbb,1e-06,True,155
110,7,101499930,bcc,5e-08,True,108
110,7,101499930,bcc,1e-06,True,143
111,7,50427982,ukbb,5e-08,True,340
111,7,50427982,ukbb,1e-06,True,377
111,7,50427982,bcc,5e-08,True,662
111,7,50427982,bcc,1e-06,True,789
112,8,11720227,ukbb,5e-08,True,1
112,8,11720227,ukbb,1e-06,True,18
113,8,23351759,ukbb,5e-08,False,72
113,8,23351759,ukbb,1e-06,False,118
113,8,23351759,bcc,5e-08,False,262
113,8,23351759,bcc,1e-06,False,350
114,8,26243136,ukbb,5e-08,True,68
114,8,26243136,ukbb,1e-06,True,82
114,8,26243136,bcc,5e-08,True,81
114,8,26243136,bcc,1e-06,True,101
115,8,26249018,ukbb,5e-08,True,68
115,8,26249018,ukbb,1e-06,True,82
115,8,26249018,bcc,5e-08,True,81
115,8,26249018,bcc,1e-06,True,101
116,8,26250682,ukbb,5e-08,True,68
116,8,26250682,ukbb,1e-06,True,82
116,8,26250682,bcc,5e-08,True,81
116,8,26250682,bcc,1e-06,True,101
117,8,27211910,ukbb,5e-08,True,15
117,8,27211910,ukbb,1e-06,True,21
117,8,27211910,bcc,5e-08,True,130
117,8,27211910,bcc,1e-06,True,182
118,8,27219987,ukbb,5e-08,True,7
118,8,27219987,ukbb,1e-06,True,12
118,8,27219987,bcc,5e-08,True,138
118,8,27219987,bcc,1e-06,True,153
119,8,41630405,ukbb,5e-08,True,48
119,8,41630405,ukbb,1e-06,True,66
120,8,56886156,ukbb,5e-08,True,300
120,8,56886156,ukbb,1e-06,True,405
121,9,100753123,ukbb,5e-08,True,84
121,9,100753123,ukbb,1e-06,True,108
121,9,100753123,bcc,5e-08,True,109
121,9,100753123,bcc,1e-06,True,142
122,9,113015602,ukbb,5e-08,False,0
122,9,113015602,ukbb,1e-06,False,0
122,9,113015602,bcc,5e-08,True,29
122,9,113015602,bcc,1e-06,True,35
123,9,114663385,ukbb,5e-08,True,38
123,9,114663385,ukbb,1e-06,True,67
123,9,114663385,bcc,5e-08,True,391
123,9,114663385,bcc,1e-06,True,418
124,9,130681896,ukbb,5e-08,True,19
124,9,130681896,ukbb,1e-06,True,29
124,9,130681896,bcc,5e-08,True,180
124,9,130681896,bcc,1e-06,True,307
125,9,135860412,ukbb,5e-08,True,171
125,9,135860412,ukbb,1e-06,True,296
126,9,135874752,ukbb,5e-08,True,2
126,9,135874752,ukbb,1e-06,True,2
127,9,135879542,ukbb,5e-08,True,144
127,9,135879542,ukbb,1e-06,True,175
128,9,139539749,ukbb,5e-08,True,11
128,9,139539749,ukbb,1e-06,True,18
129,9,4852599,ukbb,5e-08,True,559
129,9,4852599,ukbb,1e-06,True,738
129,9,4852599,bcc,5e-08,True,1411
129,9,4852599,bcc,1e-06,True,1558
130,9,4855858,ukbb,5e-08,True,1653
130,9,4855858,ukbb,1e-06,True,1808
130,9,4855858,bcc,5e-08,True,2127
130,9,4855858,bcc,1e-06,True,2350
